TIME,JOINT_0_X, JOINT_0_Y, JOINT_0_Z,JOINT_1_X, JOINT_1_Y, JOINT_1_Z,JOINT_2_X, JOINT_2_Y, JOINT_2_Z,JOINT_3_X, JOINT_3_Y, JOINT_3_Z,JOINT_4_X, JOINT_4_Y, JOINT_4_Z,JOINT_5_X, JOINT_5_Y, JOINT_5_Z,JOINT_6_X, JOINT_6_Y, JOINT_6_Z,JOINT_7_X, JOINT_7_Y, JOINT_7_Z,JOINT_8_X, JOINT_8_Y, JOINT_8_Z,JOINT_9_X, JOINT_9_Y, JOINT_9_Z,JOINT_10_X, JOINT_10_Y, JOINT_10_Z,JOINT_11_X, JOINT_11_Y, JOINT_11_Z,JOINT_12_X, JOINT_12_Y, JOINT_12_Z,JOINT_13_X, JOINT_13_Y, JOINT_13_Z,JOINT_14_X, JOINT_14_Y, JOINT_14_Z,JOINT_15_X, JOINT_15_Y, JOINT_15_Z,JOINT_16_X, JOINT_16_Y, JOINT_16_Z,JOINT_17_X, JOINT_17_Y, JOINT_17_Z,JOINT_18_X, JOINT_18_Y, JOINT_18_Z,JOINT_19_X, JOINT_19_Y, JOINT_19_Z,JOINT_20_X, JOINT_20_Y, JOINT_20_Z
83,0.7523369193077087, 0.7050924301147461, 0,0.6767285466194153, 0.6791603565216064, 0,0.6191118359565735, 0.6151511669158936, 0,0.5833081603050232, 0.5498424768447876, 0,0.563463032245636, 0.4864078164100647, 0,0.6534407734870911, 0.5174548029899597, 0,0.6278703808784485, 0.4493628144264221, 0,0.601914644241333, 0.4582805335521698, 0,0.5959663987159729, 0.48923686146736145, 0,0.6830039620399475, 0.5002570748329163, 0,0.6577432751655579, 0.4149230122566223, 0,0.631289541721344, 0.43925201892852783, 0,0.6284969449043274, 0.4873964488506317, 0,0.7162357568740845, 0.4939412474632263, 0,0.6942449808120728, 0.40885940194129944, 0,0.6664286851882935, 0.4370747208595276, 0,0.6589725017547607, 0.4879014492034912, 0,0.7569501399993896, 0.49340489506721497, 0,0.7356491684913635, 0.4310015141963959, 0,0.7073169350624084, 0.44264349341392517, 0,0.6919960975646973, 0.48228707909584045, 0
126,0.7512422204017639, 0.7043229341506958, 0,0.6749638915061951, 0.6793242692947388, 0,0.6184484362602234, 0.6143026351928711, 0,0.5844486951828003, 0.5496043562889099, 0,0.5620818734169006, 0.4870584011077881, 0,0.6528102159500122, 0.5172359943389893, 0,0.6287877559661865, 0.4489162564277649, 0,0.602448582649231, 0.45759671926498413, 0,0.595974862575531, 0.4883374571800232, 0,0.6834424138069153, 0.5000562071800232, 0,0.6590977907180786, 0.4148983657360077, 0,0.6312236785888672, 0.4393436908721924, 0,0.6274323463439941, 0.48771682381629944, 0,0.7173314690589905, 0.49426302313804626, 0,0.695883572101593, 0.40883705019950867, 0,0.6666553020477295, 0.43766623735427856, 0,0.6583196520805359, 0.48894202709198, 0,0.758296549320221, 0.49525272846221924, 0,0.7370993494987488, 0.4326317310333252, 0,0.7080560922622681, 0.44567984342575073, 0,0.692468523979187, 0.48568156361579895, 0
178,0.7507066130638123, 0.7066617012023926, 0,0.676424503326416, 0.6823181509971619, 0,0.6169227957725525, 0.6182701587677002, 0,0.5809832811355591, 0.5529447793960571, 0,0.5653442144393921, 0.4894459843635559, 0,0.6520456671714783, 0.5208579301834106, 0,0.6267611384391785, 0.449726939201355, 0,0.6022851467132568, 0.4611680507659912, 0,0.5993412137031555, 0.49461260437965393, 0,0.6836345791816711, 0.5036458969116211, 0,0.6590419411659241, 0.41678619384765625, 0,0.6340392231941223, 0.441781222820282, 0,0.633678674697876, 0.4901174306869507, 0,0.7183853387832642, 0.49816739559173584, 0,0.6963344812393188, 0.41049131751060486, 0,0.6687662601470947, 0.4393480718135834, 0,0.6629249453544617, 0.4912392199039459, 0,0.7601169943809509, 0.4998777210712433, 0,0.7395781874656677, 0.43544769287109375, 0,0.7110773324966431, 0.4468075633049011, 0,0.6966915726661682, 0.48591795563697815, 0
207,0.7534762024879456, 0.7075843811035156, 0,0.6768994927406311, 0.6847087144851685, 0,0.6192095875740051, 0.6191734671592712, 0,0.5836783051490784, 0.5539305210113525, 0,0.5624603033065796, 0.4907743036746979, 0,0.6539919376373291, 0.5225903391838074, 0,0.6285117864608765, 0.4541664123535156, 0,0.6022529006004333, 0.4602690041065216, 0,0.596061646938324, 0.4894046187400818, 0,0.685226559638977, 0.5046899318695068, 0,0.6591898202896118, 0.4189423620700836, 0,0.6317535042762756, 0.44160404801368713, 0,0.6287804841995239, 0.489840567111969, 0,0.719631016254425, 0.4981462359428406, 0,0.6964768171310425, 0.41216087341308594, 0,0.667914092540741, 0.44036149978637695, 0,0.6599170565605164, 0.4926515221595764, 0,0.7615144848823547, 0.498535692691803, 0,0.7398326396942139, 0.434873104095459, 0,0.7106561660766602, 0.4469183087348938, 0,0.6947281956672668, 0.48778235912323, 0
257,0.7568100094795227, 0.7028524875640869, 0,0.6797916293144226, 0.6788527965545654, 0,0.621355414390564, 0.6156858801841736, 0,0.5858954787254333, 0.5523748397827148, 0,0.5671769380569458, 0.48761066794395447, 0,0.6566187143325806, 0.5180568099021912, 0,0.6311222910881042, 0.4490512013435364, 0,0.6048839092254639, 0.45670175552368164, 0,0.5995751023292542, 0.48853594064712524, 0,0.6871895790100098, 0.5007874369621277, 0,0.6607109308242798, 0.41521188616752625, 0,0.6337531208992004, 0.43923166394233704, 0,0.630698561668396, 0.4878837466239929, 0,0.7208437919616699, 0.4939836263656616, 0,0.6972676515579224, 0.4090862572193146, 0,0.6693674325942993, 0.43647876381874084, 0,0.6618590354919434, 0.4877815842628479, 0,0.7622289061546326, 0.4933665692806244, 0,0.7397168278694153, 0.43012771010398865, 0,0.7106748223304749, 0.4417989253997803, 0,0.6954447031021118, 0.48253679275512695, 0
286,0.7543437480926514, 0.7005832195281982, 0,0.678985059261322, 0.6779356002807617, 0,0.620603084564209, 0.614197313785553, 0,0.5852490067481995, 0.5502214431762695, 0,0.5658707022666931, 0.4884699285030365, 0,0.655081570148468, 0.5162603855133057, 0,0.6298432350158691, 0.4478992521762848, 0,0.6043232679367065, 0.4560348391532898, 0,0.5994930267333984, 0.48739326000213623, 0,0.6852837204933167, 0.49879711866378784, 0,0.6594797372817993, 0.41281658411026, 0,0.6329212188720703, 0.4373795986175537, 0,0.6307191848754883, 0.4867176115512848, 0,0.7188451886177063, 0.4927929937839508, 0,0.6963918805122375, 0.40701666474342346, 0,0.668524980545044, 0.4355640113353729, 0,0.6611272692680359, 0.4866955280303955, 0,0.7600245475769043, 0.4937400817871094, 0,0.738943338394165, 0.43180662393569946, 0,0.7106471657752991, 0.44399335980415344, 0,0.6953762769699097, 0.4835468530654907, 0
340,0.7523766756057739, 0.7052665948867798, 0,0.6771993637084961, 0.6820347905158997, 0,0.6177923679351807, 0.6172051429748535, 0,0.5822092294692993, 0.5511702299118042, 0,0.5666550397872925, 0.48587191104888916, 0,0.6545360684394836, 0.5209985971450806, 0,0.6290755271911621, 0.4502274990081787, 0,0.6035060286521912, 0.4602171778678894, 0,0.5997406244277954, 0.49259525537490845, 0,0.6855242848396301, 0.5033962726593018, 0,0.6606480479240417, 0.416118860244751, 0,0.634211540222168, 0.4404897689819336, 0,0.6334559321403503, 0.4894482493400574, 0,0.7198447585105896, 0.497244656085968, 0,0.6974619626998901, 0.4085662364959717, 0,0.6688937544822693, 0.4375607967376709, 0,0.6626769304275513, 0.49053955078125, 0,0.7609001398086548, 0.49815747141838074, 0,0.739453136920929, 0.4338863790035248, 0,0.7104628086090088, 0.44560787081718445, 0,0.6958297491073608, 0.4861859977245331, 0
395,0.7538560628890991, 0.707262396812439, 0,0.6775524020195007, 0.684415340423584, 0,0.6185394525527954, 0.620577871799469, 0,0.5830361247062683, 0.5558804273605347, 0,0.5646786689758301, 0.4920792579650879, 0,0.6533904671669006, 0.5242621302604675, 0,0.6272937655448914, 0.4553977847099304, 0,0.6020859479904175, 0.46361279487609863, 0,0.5977371335029602, 0.4941638112068176, 0,0.6845196485519409, 0.5058291554450989, 0,0.658646285533905, 0.41981756687164307, 0,0.6331654191017151, 0.44369345903396606, 0,0.6318077445030212, 0.4917255640029907, 0,0.7188699245452881, 0.4988878667354584, 0,0.6954099535942078, 0.41213202476501465, 0,0.6682531237602234, 0.4416482448577881, 0,0.6617581248283386, 0.49379685521125793, 0,0.7606145739555359, 0.4990888833999634, 0,0.7385950088500977, 0.43538641929626465, 0,0.7102498412132263, 0.4479551315307617, 0,0.6957481503486633, 0.48799723386764526, 0
424,0.7532607316970825, 0.7039424180984497, 0,0.677229106426239, 0.6806604862213135, 0,0.6186510324478149, 0.6174181699752808, 0,0.5845623016357422, 0.552706778049469, 0,0.5667494535446167, 0.48945683240890503, 0,0.6536169052124023, 0.5195618271827698, 0,0.6290675401687622, 0.4523128867149353, 0,0.603202760219574, 0.4579877257347107, 0,0.5968784093856812, 0.4870840907096863, 0,0.6840477585792542, 0.5025443434715271, 0,0.6577737927436829, 0.4177970290184021, 0,0.6316012740135193, 0.44154810905456543, 0,0.6295692920684814, 0.4895474910736084, 0,0.7179144620895386, 0.4963439702987671, 0,0.6940983533859253, 0.4126826822757721, 0,0.6673203706741333, 0.44287043809890747, 0,0.6619241237640381, 0.4944862723350525, 0,0.7595626711845398, 0.49717026948928833, 0,0.7366197109222412, 0.435869038105011, 0,0.7087656259536743, 0.44914406538009644, 0,0.6952783465385437, 0.48895660042762756, 0
466,0.7523550987243652, 0.702328085899353, 0,0.6758836507797241, 0.6786513328552246, 0,0.6163529753684998, 0.6137440800666809, 0,0.5817677974700928, 0.5476770401000977, 0,0.5619131326675415, 0.483931303024292, 0,0.653171956539154, 0.5195726752281189, 0,0.629443883895874, 0.4570615291595459, 0,0.6021978855133057, 0.45325738191604614, 0,0.5896867513656616, 0.4707433581352234, 0,0.683357834815979, 0.5004719495773315, 0,0.6557613015174866, 0.41680657863616943, 0,0.6299464702606201, 0.43913498520851135, 0,0.6282783150672913, 0.48598572611808777, 0,0.7167495489120483, 0.4928441643714905, 0,0.6903101205825806, 0.40909576416015625, 0,0.6666339039802551, 0.4453957676887512, 0,0.6652355790138245, 0.49949324131011963, 0,0.758014440536499, 0.4921616017818451, 0,0.7318183183670044, 0.4306621253490448, 0,0.7062313556671143, 0.4502061605453491, 0,0.6982651352882385, 0.49339762330055237, 0
495,0.752344012260437, 0.701727569103241, 0,0.6765190362930298, 0.6775650382041931, 0,0.6144895553588867, 0.6145622730255127, 0,0.5776032209396362, 0.5531782507896423, 0,0.5479719638824463, 0.49264997243881226, 0,0.6456536054611206, 0.5170533657073975, 0,0.6171298027038574, 0.46234962344169617, 0,0.5863909721374512, 0.4361916482448578, 0,0.5619380474090576, 0.423188716173172, 0,0.6776084303855896, 0.4983523190021515, 0,0.6444282531738281, 0.41839224100112915, 0,0.6200425624847412, 0.44232311844825745, 0,0.6164095401763916, 0.4853161573410034, 0,0.7124536633491516, 0.49111053347587585, 0,0.6795740127563477, 0.408137708902359, 0,0.6604634523391724, 0.4539438784122467, 0,0.6639490127563477, 0.5120892524719238, 0,0.7553126811981201, 0.49169281125068665, 0,0.7249970436096191, 0.43003204464912415, 0,0.7023680210113525, 0.45563092827796936, 0,0.699382483959198, 0.5022419691085815, 0
542,0.7498242855072021, 0.7034071683883667, 0,0.6747705340385437, 0.6787662506103516, 0,0.6115837097167969, 0.6150455474853516, 0,0.573034405708313, 0.5554888844490051, 0,0.5398451685905457, 0.4952194094657898, 0,0.6427450776100159, 0.5162478089332581, 0,0.613224446773529, 0.45356518030166626, 0,0.5792287588119507, 0.42199045419692993, 0,0.5492904186248779, 0.4009955823421478, 0,0.6742615699768066, 0.499521940946579, 0,0.6392217874526978, 0.41488805413246155, 0,0.6186842322349548, 0.4506523311138153, 0,0.6193066239356995, 0.4996868073940277, 0,0.7088413834571838, 0.49397701025009155, 0,0.6731570363044739, 0.41459622979164124, 0,0.657151460647583, 0.4725196361541748, 0,0.6638229489326477, 0.5342364311218262, 0,0.7510882616043091, 0.49643975496292114, 0,0.7180477976799011, 0.43822020292282104, 0,0.6972441077232361, 0.4716165065765381, 0,0.6976698637008667, 0.521353542804718, 0
594,0.7485826015472412, 0.703925609588623, 0,0.6725142002105713, 0.6783834099769592, 0,0.6092355847358704, 0.6150557398796082, 0,0.5707008838653564, 0.5565104484558105, 0,0.5333830714225769, 0.4962305426597595, 0,0.6366295218467712, 0.5147436857223511, 0,0.6054015755653381, 0.4495607316493988, 0,0.5736845135688782, 0.4085099995136261, 0,0.54484623670578, 0.37394747138023376, 0,0.668024480342865, 0.4981931149959564, 0,0.6299850344657898, 0.41511476039886475, 0,0.6119849681854248, 0.4534934163093567, 0,0.6133016347885132, 0.49916744232177734, 0,0.7043278813362122, 0.49275311827659607, 0,0.6642336249351501, 0.42542603611946106, 0,0.6602421402931213, 0.49896344542503357, 0,0.6741228699684143, 0.559225857257843, 0,0.7492021918296814, 0.49658897519111633, 0,0.7078359723091125, 0.4471180737018585, 0,0.6939796209335327, 0.49329960346221924, 0,0.7020061612129211, 0.5428292155265808, 0
623,0.7428631782531738, 0.6987950205802917, 0,0.6671725511550903, 0.6735833883285522, 0,0.6052759289741516, 0.6120584011077881, 0,0.5681208372116089, 0.5536187291145325, 0,0.5298842191696167, 0.49363261461257935, 0,0.6334937214851379, 0.5084959268569946, 0,0.6028228402137756, 0.43450480699539185, 0,0.5747635960578918, 0.38021397590637207, 0,0.5497736930847168, 0.3288935422897339, 0,0.6639559864997864, 0.4948903024196625, 0,0.6180827021598816, 0.4129261374473572, 0,0.6091898679733276, 0.4682876765727997, 0,0.6206479668617249, 0.516722559928894, 0,0.7017978429794312, 0.490400105714798, 0,0.6539579033851624, 0.432696670293808, 0,0.6581090688705444, 0.5165472030639648, 0,0.6791722178459167, 0.5708404183387756, 0,0.7479097843170166, 0.4952692687511444, 0,0.697910487651825, 0.45279014110565186, 0,0.6897804737091064, 0.5064418315887451, 0,0.7050538063049316, 0.5508049726486206, 0
673,0.7401475310325623, 0.6978143453598022, 0,0.6633256077766418, 0.669543981552124, 0,0.6020433902740479, 0.6059484481811523, 0,0.5636827349662781, 0.5466871857643127, 0,0.5255699157714844, 0.4884895086288452, 0,0.6356207728385925, 0.5052957534790039, 0,0.6067503094673157, 0.4285133183002472, 0,0.5886508822441101, 0.37576010823249817, 0,0.5716320276260376, 0.32583415508270264, 0,0.6689372062683105, 0.49032360315322876, 0,0.6354035139083862, 0.40549236536026, 0,0.6099759340286255, 0.36636731028556824, 0,0.5851526856422424, 0.3321451246738434, 0,0.7077745199203491, 0.4885508716106415, 0,0.6625426411628723, 0.43663933873176575, 0,0.6673280000686646, 0.5114410519599915, 0,0.6795307993888855, 0.5641288757324219, 0,0.7521604299545288, 0.4958975911140442, 0,0.700846791267395, 0.4571383595466614, 0,0.6887028217315674, 0.5088219046592712, 0,0.6928505301475525, 0.5553817749023438, 0
702,0.7364232540130615, 0.689088761806488, 0,0.6654760241508484, 0.6610676646232605, 0,0.607662558555603, 0.5918010473251343, 0,0.569123387336731, 0.5319101810455322, 0,0.5308014154434204, 0.4744440019130707, 0,0.6449887156486511, 0.4933198094367981, 0,0.6176764965057373, 0.41479817032814026, 0,0.598848819732666, 0.3619813919067383, 0,0.5762494206428528, 0.31558719277381897, 0,0.6790857315063477, 0.4820500612258911, 0,0.6452540159225464, 0.39386171102523804, 0,0.6137485504150391, 0.3464834690093994, 0,0.5802673101425171, 0.3049622178077698, 0,0.7186113595962524, 0.48575925827026367, 0,0.6767992377281189, 0.438671350479126, 0,0.679436206817627, 0.5157403349876404, 0,0.6874237060546875, 0.5704196095466614, 0,0.7620478272438049, 0.5000091791152954, 0,0.7137594223022461, 0.46262216567993164, 0,0.6929766535758972, 0.5083494186401367, 0,0.685606837272644, 0.5530252456665039, 0
758,0.7404400706291199, 0.6855496764183044, 0,0.6711823344230652, 0.6582335829734802, 0,0.610163152217865, 0.5862818360328674, 0,0.5711429119110107, 0.5239258408546448, 0,0.5405464768409729, 0.4602094888687134, 0,0.6526345610618591, 0.4880985617637634, 0,0.6268020868301392, 0.4012104272842407, 0,0.6132827401161194, 0.3372037410736084, 0,0.598188579082489, 0.2797262668609619, 0,0.6905893683433533, 0.47735661268234253, 0,0.655928909778595, 0.38450324535369873, 0,0.6310145854949951, 0.32864072918891907, 0,0.6064790487289429, 0.2757512927055359, 0,0.7328498363494873, 0.48438072204589844, 0,0.6909964084625244, 0.4293094277381897, 0,0.6867234706878662, 0.4989970028400421, 0,0.6903653740882874, 0.5521624684333801, 0,0.7754204273223877, 0.5047793388366699, 0,0.7275776863098145, 0.46629995107650757, 0,0.7026314735412598, 0.5077744722366333, 0,0.6924148797988892, 0.5484222173690796, 0
810,0.7350389361381531, 0.6840873956680298, 0,0.6683077812194824, 0.6457335948944092, 0,0.6145232915878296, 0.5616470575332642, 0,0.5806005597114563, 0.4966253936290741, 0,0.5553757548332214, 0.43994131684303284, 0,0.6756108999252319, 0.4662622809410095, 0,0.6684730052947998, 0.3761892318725586, 0,0.6681397557258606, 0.3151508867740631, 0,0.6646678447723389, 0.2592598497867584, 0,0.713780403137207, 0.46807628870010376, 0,0.6911496520042419, 0.37475505471229553, 0,0.6691092252731323, 0.330156147480011, 0,0.6470461487770081, 0.2878972887992859, 0,0.7522523403167725, 0.48636943101882935, 0,0.7181552648544312, 0.4327920973300934, 0,0.7051241397857666, 0.503734290599823, 0,0.7013803720474243, 0.554436206817627, 0,0.7912458777427673, 0.5165798664093018, 0,0.749808132648468, 0.47128981351852417, 0,0.7178221940994263, 0.5056542158126831, 0,0.6974086761474609, 0.5408881306648254, 0
847,0.7326831221580505, 0.6782110333442688, 0,0.6692842841148376, 0.6362919807434082, 0,0.6233060956001282, 0.5475776195526123, 0,0.5964433550834656, 0.4804607629776001, 0,0.5801393389701843, 0.4244234263896942, 0,0.7015824317932129, 0.4547004699707031, 0,0.70494145154953, 0.3603956997394562, 0,0.7123429179191589, 0.29540538787841797, 0,0.714241623878479, 0.23376253247261047, 0,0.7415689826011658, 0.46540752053260803, 0,0.7301833033561707, 0.37654218077659607, 0,0.7146151661872864, 0.33203691244125366, 0,0.699797511100769, 0.2866971492767334, 0,0.7783060073852539, 0.49087899923324585, 0,0.7436830401420593, 0.44762682914733887, 0,0.7210238575935364, 0.514315664768219, 0,0.7120705246925354, 0.5623925924301147, 0,0.8133929967880249, 0.5276507139205933, 0,0.7750506401062012, 0.48056015372276306, 0,0.741276741027832, 0.5097530484199524, 0,0.7195812463760376, 0.5415931344032288, 0
894,0.7315611839294434, 0.6705207824707031, 0,0.6727261543273926, 0.6276443004608154, 0,0.6340731382369995, 0.5331325531005859, 0,0.6123775243759155, 0.45979994535446167, 0,0.5970967411994934, 0.40768516063690186, 0,0.7237410545349121, 0.44479772448539734, 0,0.7422510385513306, 0.3508152961730957, 0,0.7563073039054871, 0.2865346074104309, 0,0.7634007334709167, 0.2241503894329071, 0,0.7635756134986877, 0.46230918169021606, 0,0.762895941734314, 0.3728450536727905, 0,0.7560215592384338, 0.30821043252944946, 0,0.7489654421806335, 0.24828225374221802, 0,0.7994727492332458, 0.4961507022380829, 0,0.7680557370185852, 0.4604761302471161, 0,0.7376576066017151, 0.5197547078132629, 0,0.722055971622467, 0.5633901953697205, 0,0.8330582976341248, 0.5398992300033569, 0,0.7989840507507324, 0.49453240633010864, 0,0.7637810111045837, 0.5212308168411255, 0,0.7405925393104553, 0.5508056282997131, 0
923,0.7385860085487366, 0.6709750890731812, 0,0.6803002953529358, 0.6291149854660034, 0,0.6436119079589844, 0.52931147813797, 0,0.6257032155990601, 0.45019569993019104, 0,0.6107303500175476, 0.39105963706970215, 0,0.7386237382888794, 0.44144129753112793, 0,0.7589038014411926, 0.3524082601070404, 0,0.7739485502243042, 0.2931928038597107, 0,0.7858633995056152, 0.23607608675956726, 0,0.7762793302536011, 0.45999419689178467, 0,0.7806332111358643, 0.3666348457336426, 0,0.781155526638031, 0.2957072854042053, 0,0.7827752232551575, 0.2351270616054535, 0,0.8117817044258118, 0.49456098675727844, 0,0.7844672799110413, 0.4708482027053833, 0,0.7513517141342163, 0.5306000709533691, 0,0.73241126537323, 0.5766125321388245, 0,0.8458086252212524, 0.538834273815155, 0,0.8132063150405884, 0.5055294632911682, 0,0.7734769582748413, 0.535750687122345, 0,0.7459766864776611, 0.5659594535827637, 0
959,0.7441814541816711, 0.6745767593383789, 0,0.6795641779899597, 0.6349258422851562, 0,0.6439856886863708, 0.5328218936920166, 0,0.6293195486068726, 0.4490027129650116, 0,0.6146818399429321, 0.3827591836452484, 0,0.7372860312461853, 0.44815793633461, 0,0.7611169815063477, 0.3595427870750427, 0,0.7796719074249268, 0.2995300889015198, 0,0.7941027283668518, 0.24278685450553894, 0,0.7756026387214661, 0.46486055850982666, 0,0.7862868905067444, 0.3627801537513733, 0,0.7903821468353271, 0.28873494267463684, 0,0.7956552505493164, 0.2246800661087036, 0,0.8127435445785522, 0.4991469383239746, 0,0.7919460535049438, 0.46839964389801025, 0,0.7588462829589844, 0.5321937203407288, 0,0.7395752668380737, 0.5812200307846069, 0,0.8485783338546753, 0.5422855615615845, 0,0.814495861530304, 0.5067254304885864, 0,0.7707856297492981, 0.5342563986778259, 0,0.7392199635505676, 0.5619181990623474, 0
1007,0.7418748736381531, 0.6755863428115845, 0,0.6752110123634338, 0.6417641639709473, 0,0.6391534209251404, 0.538577139377594, 0,0.6249101758003235, 0.4564536511898041, 0,0.6083062887191772, 0.39082765579223633, 0,0.7310250401496887, 0.44504696130752563, 0,0.7536596655845642, 0.35320132970809937, 0,0.7718409299850464, 0.290730744600296, 0,0.7889814376831055, 0.23141835629940033, 0,0.771400511264801, 0.46136975288391113, 0,0.7836968898773193, 0.3561664819717407, 0,0.7902466058731079, 0.2814555764198303, 0,0.7994214296340942, 0.21537664532661438, 0,0.8091607689857483, 0.49772337079048157, 0,0.7905314564704895, 0.4630645513534546, 0,0.7570253014564514, 0.5311697125434875, 0,0.7390796542167664, 0.5828191637992859, 0,0.8460437655448914, 0.5435699224472046, 0,0.8139196634292603, 0.5034011602401733, 0,0.7735210657119751, 0.5363460183143616, 0,0.7474461197853088, 0.566554605960846, 0
1036,0.7403124570846558, 0.6841890811920166, 0,0.6723901629447937, 0.6475424766540527, 0,0.633446455001831, 0.5484429597854614, 0,0.617303192615509, 0.4700983464717865, 0,0.6012811064720154, 0.403343141078949, 0,0.7216377258300781, 0.4527631103992462, 0,0.7304434180259705, 0.3536320924758911, 0,0.7371300458908081, 0.29063504934310913, 0,0.7430306673049927, 0.23333312571048737, 0,0.7641752362251282, 0.4666022062301636, 0,0.7777183055877686, 0.35496148467063904, 0,0.7854574918746948, 0.2801816463470459, 0,0.795037567615509, 0.21595773100852966, 0,0.8017697334289551, 0.5017136931419373, 0,0.7884110808372498, 0.45721662044525146, 0,0.7556942105293274, 0.522861897945404, 0,0.738069474697113, 0.5757694840431213, 0,0.8380458950996399, 0.5484561324119568, 0,0.8112332224845886, 0.4996323585510254, 0,0.7743251919746399, 0.5301944017410278, 0,0.7503399848937988, 0.5616596341133118, 0
1091,0.7376601696014404, 0.6861242055892944, 0,0.6669589877128601, 0.6490441560745239, 0,0.6272364854812622, 0.5547940135002136, 0,0.6105188727378845, 0.47955092787742615, 0,0.595302939414978, 0.415624737739563, 0,0.7105852365493774, 0.46086549758911133, 0,0.7023077011108398, 0.37510502338409424, 0,0.6977219581604004, 0.32474571466445923, 0,0.6941452622413635, 0.27727949619293213, 0,0.755702018737793, 0.4674334228038788, 0,0.768668532371521, 0.35540449619293213, 0,0.7750550508499146, 0.277638703584671, 0,0.782865047454834, 0.20986449718475342, 0,0.793860673904419, 0.49808061122894287, 0,0.7741305232048035, 0.444233238697052, 0,0.7416685819625854, 0.508451521396637, 0,0.7273470163345337, 0.5617854595184326, 0,0.829281747341156, 0.539304256439209, 0,0.7984334230422974, 0.493632972240448, 0,0.7637261152267456, 0.5308530926704407, 0,0.744891881942749, 0.5674727559089661, 0
1138,0.7360280156135559, 0.6834543943405151, 0,0.6660599708557129, 0.6503925323486328, 0,0.6244043707847595, 0.5562790036201477, 0,0.6024805307388306, 0.48070216178894043, 0,0.585804283618927, 0.41754817962646484, 0,0.7018510103225708, 0.4670405983924866, 0,0.6865338087081909, 0.3947209417819977, 0,0.6730304956436157, 0.35773369669914246, 0,0.6594175696372986, 0.3297889232635498, 0,0.7466061115264893, 0.4674331545829773, 0,0.7567557096481323, 0.3540576696395874, 0,0.760845959186554, 0.27595949172973633, 0,0.7643611431121826, 0.2072654366493225, 0,0.7852457165718079, 0.49431970715522766, 0,0.7656445503234863, 0.42650365829467773, 0,0.7372725605964661, 0.4864273965358734, 0,0.7247214317321777, 0.5378814339637756, 0,0.82100909948349, 0.530181348323822, 0,0.7903404831886292, 0.4811418056488037, 0,0.756901741027832, 0.5139140486717224, 0,0.7383426427841187, 0.5466877818107605, 0
1167,0.7323760986328125, 0.678912341594696, 0,0.6637288331985474, 0.6518957614898682, 0,0.6194206476211548, 0.5623497366905212, 0,0.591454029083252, 0.49353206157684326, 0,0.5690171718597412, 0.4319373369216919, 0,0.6913842558860779, 0.465896338224411, 0,0.6712225675582886, 0.3950463831424713, 0,0.651674747467041, 0.36005890369415283, 0,0.6348617076873779, 0.33855873346328735, 0,0.7351316809654236, 0.46160849928855896, 0,0.7399039268493652, 0.3478425145149231, 0,0.7375801801681519, 0.26810067892074585, 0,0.7371039390563965, 0.19901379942893982, 0,0.7743862867355347, 0.4845130145549774, 0,0.7517077326774597, 0.4118231236934662, 0,0.723988950252533, 0.47245147824287415, 0,0.7146595120429993, 0.5247809290885925, 0,0.8102630972862244, 0.5154868960380554, 0,0.7761321067810059, 0.46414223313331604, 0,0.744342029094696, 0.49881815910339355, 0,0.7286741137504578, 0.5342664122581482, 0
1216,0.7331303954124451, 0.6809177994728088, 0,0.6633037328720093, 0.6556367874145508, 0,0.6148480772972107, 0.5740779042243958, 0,0.5829086899757385, 0.5130569934844971, 0,0.555485188961029, 0.4561591148376465, 0,0.676734447479248, 0.46897247433662415, 0,0.6464211940765381, 0.39374250173568726, 0,0.6190016269683838, 0.3549553155899048, 0,0.5947892069816589, 0.33080822229385376, 0,0.7200990915298462, 0.4623161256313324, 0,0.720851719379425, 0.3466395437717438, 0,0.7161457538604736, 0.26462000608444214, 0,0.7126573920249939, 0.1931496262550354, 0,0.7599327564239502, 0.4827808439731598, 0,0.734070360660553, 0.41074901819229126, 0,0.7063745856285095, 0.4634353816509247, 0,0.6958737969398499, 0.5143073797225952, 0,0.7958112955093384, 0.5105873942375183, 0,0.7615712285041809, 0.45766857266426086, 0,0.7264248728752136, 0.48438793420791626, 0,0.7047812342643738, 0.5199645757675171, 0
1244,0.732284426689148, 0.686402440071106, 0,0.6649540066719055, 0.665931761264801, 0,0.6117824912071228, 0.5914998054504395, 0,0.5760186910629272, 0.5326111316680908, 0,0.5383938550949097, 0.479915589094162, 0,0.6559457182884216, 0.4775645434856415, 0,0.6221444010734558, 0.3995497524738312, 0,0.5970062613487244, 0.353188693523407, 0,0.5756763815879822, 0.31802892684936523, 0,0.6984120011329651, 0.46475404500961304, 0,0.6901242136955261, 0.3497217893600464, 0,0.6811649203300476, 0.2667860984802246, 0,0.6750017404556274, 0.19300687313079834, 0,0.7401918768882751, 0.47935977578163147, 0,0.7116638422012329, 0.4125758707523346, 0,0.6832401752471924, 0.46320319175720215, 0,0.6712701320648193, 0.5126215219497681, 0,0.7794582843780518, 0.5024762153625488, 0,0.7426229119300842, 0.45400309562683105, 0,0.7047280073165894, 0.4784946143627167, 0,0.6794059872627258, 0.5117459297180176, 0
1299,0.7322362065315247, 0.701701283454895, 0,0.6654995679855347, 0.6736379265785217, 0,0.6065121293067932, 0.60554039478302, 0,0.5665900111198425, 0.5511149168014526, 0,0.5252152681350708, 0.505214273929596, 0,0.6364895701408386, 0.4858240485191345, 0,0.598170280456543, 0.3980042040348053, 0,0.5762187242507935, 0.3426949381828308, 0,0.5585327744483948, 0.29326164722442627, 0,0.6781459450721741, 0.4732608199119568, 0,0.6471112966537476, 0.37307387590408325, 0,0.6286175847053528, 0.30707022547721863, 0,0.6143134832382202, 0.2455073446035385, 0,0.7232341766357422, 0.48521900177001953, 0,0.6905571818351746, 0.44734111428260803, 0,0.6776643991470337, 0.5065580606460571, 0,0.6747333407402039, 0.5521306991577148, 0,0.7682273387908936, 0.5070953369140625, 0,0.7343941926956177, 0.47339746356010437, 0,0.7027623653411865, 0.5013985633850098, 0,0.6800224184989929, 0.5329102277755737, 0
1341,0.7269495725631714, 0.716462254524231, 0,0.6581697463989258, 0.6836471557617188, 0,0.596928596496582, 0.6183793544769287, 0,0.5527733564376831, 0.5720652341842651, 0,0.5082601308822632, 0.5357906818389893, 0,0.6252776980400085, 0.49816572666168213, 0,0.591311514377594, 0.414318710565567, 0,0.5712982416152954, 0.3610585927963257, 0,0.5532350540161133, 0.31066983938217163, 0,0.6663477420806885, 0.4871038794517517, 0,0.6279577016830444, 0.3999418616294861, 0,0.5948976874351501, 0.34624457359313965, 0,0.5642521381378174, 0.2973576784133911, 0,0.7124378681182861, 0.49568888545036316, 0,0.6722372174263, 0.4761064052581787, 0,0.6587933897972107, 0.5379467606544495, 0,0.6580454707145691, 0.5822809338569641, 0,0.7576417922973633, 0.5157328248023987, 0,0.7146720886230469, 0.5037013292312622, 0,0.6853267550468445, 0.5432950258255005, 0,0.6699972152709961, 0.5788041949272156, 0
1374,0.7216905951499939, 0.7233324646949768, 0,0.6517768502235413, 0.6915898323059082, 0,0.5876056551933289, 0.6315805315971375, 0,0.5410849452018738, 0.5913148522377014, 0,0.49380943179130554, 0.5574179887771606, 0,0.619658887386322, 0.5016896724700928, 0,0.5820322632789612, 0.4182984232902527, 0,0.5586397647857666, 0.35482168197631836, 0,0.5394747257232666, 0.2972170114517212, 0,0.6635890007019043, 0.48990875482559204, 0,0.6143078207969666, 0.4552696943283081, 0,0.6007181406021118, 0.5032489895820618, 0,0.5991649627685547, 0.5431943535804749, 0,0.708203136920929, 0.4979712963104248, 0,0.6600532531738281, 0.4896279573440552, 0,0.6475928425788879, 0.5502088665962219, 0,0.6483243703842163, 0.5964147448539734, 0,0.751075267791748, 0.5196778774261475, 0,0.7041285634040833, 0.5182650089263916, 0,0.6768062710762024, 0.561318039894104, 0,0.6646848917007446, 0.598188579082489, 0
1423,0.7235187292098999, 0.7304337024688721, 0,0.6499266028404236, 0.7054954767227173, 0,0.5802459120750427, 0.6485427021980286, 0,0.5321537256240845, 0.6111872792243958, 0,0.4817942976951599, 0.5786231756210327, 0,0.6112245321273804, 0.5122910737991333, 0,0.5630556344985962, 0.4334351420402527, 0,0.5338242650032043, 0.3755818009376526, 0,0.5081501007080078, 0.3198973536491394, 0,0.653827428817749, 0.49803614616394043, 0,0.5939958095550537, 0.4574539065361023, 0,0.5487915277481079, 0.46894028782844543, 0,0.5138834714889526, 0.48607638478279114, 0,0.6971112489700317, 0.5045683979988098, 0,0.6399627327919006, 0.5151416063308716, 0,0.6213249564170837, 0.5727234482765198, 0,0.6150471568107605, 0.6178769469261169, 0,0.7376693487167358, 0.5284408330917358, 0,0.6841723322868347, 0.5490450859069824, 0,0.6564831137657166, 0.5921535491943359, 0,0.6415382027626038, 0.629967451095581, 0
1451,0.7225603461265564, 0.7470903992652893, 0,0.6487420797348022, 0.7188034653663635, 0,0.5818526148796082, 0.6626101732254028, 0,0.5310477018356323, 0.6251028776168823, 0,0.481856107711792, 0.5891035795211792, 0,0.6120932698249817, 0.5269707441329956, 0,0.5572425127029419, 0.46010822057724, 0,0.526249349117279, 0.4109835922718048, 0,0.5003243684768677, 0.361213743686676, 0,0.6516060829162598, 0.5082147717475891, 0,0.5882524251937866, 0.45067015290260315, 0,0.5431066155433655, 0.4187507629394531, 0,0.5051363706588745, 0.390921950340271, 0,0.6942017078399658, 0.5129779577255249, 0,0.6340330839157104, 0.5163928270339966, 0,0.6210384964942932, 0.5755642652511597, 0,0.6233449578285217, 0.6207459568977356, 0,0.7325458526611328, 0.5350376963615417, 0,0.6758179068565369, 0.553999125957489, 0,0.6488181352615356, 0.5991290807723999, 0,0.6371527314186096, 0.6395202279090881, 0
1501,0.7209991812705994, 0.7439119815826416, 0,0.6453019380569458, 0.7203903794288635, 0,0.5778137445449829, 0.657441258430481, 0,0.5264636278152466, 0.615527868270874, 0,0.4761577844619751, 0.5821488499641418, 0,0.6023868918418884, 0.5389796495437622, 0,0.5513618588447571, 0.4837426245212555, 0,0.5200177431106567, 0.4517006278038025, 0,0.48960068821907043, 0.42166927456855774, 0,0.6447089314460754, 0.5189154744148254, 0,0.6098567247390747, 0.43841999769210815, 0,0.5862281322479248, 0.3861162066459656, 0,0.5630664229393005, 0.3358958661556244, 0,0.6902033686637878, 0.5275198817253113, 0,0.6474170684814453, 0.49536600708961487, 0,0.6313053369522095, 0.5485661029815674, 0,0.6283277869224548, 0.5882912278175354, 0,0.7319716215133667, 0.5498924851417542, 0,0.6897586584091187, 0.5388458371162415, 0,0.6574885845184326, 0.5730769634246826, 0,0.6368528604507446, 0.6048570871353149, 0
1549,0.7180814743041992, 0.7333917021751404, 0,0.6426878571510315, 0.7050337791442871, 0,0.5777216553688049, 0.6446313858032227, 0,0.5279286503791809, 0.60297030210495, 0,0.47954261302948, 0.5660640597343445, 0,0.615326464176178, 0.5226929783821106, 0,0.5727183222770691, 0.4604964256286621, 0,0.5421750545501709, 0.4284737706184387, 0,0.5126713514328003, 0.4050142168998718, 0,0.6571095585823059, 0.5092511177062988, 0,0.6294144988059998, 0.4219249188899994, 0,0.6086487770080566, 0.3740653991699219, 0,0.5896561741828918, 0.32946714758872986, 0,0.700204610824585, 0.5250957012176514, 0,0.6620244979858398, 0.46593838930130005, 0,0.6365678310394287, 0.5172132253646851, 0,0.6256106495857239, 0.5639570951461792, 0,0.7440671920776367, 0.5561371445655823, 0,0.703545331954956, 0.5254613161087036, 0,0.6665417551994324, 0.5540844798088074, 0,0.6434956789016724, 0.5877406597137451, 0
1578,0.7241702675819397, 0.7060017585754395, 0,0.6516724824905396, 0.682244062423706, 0,0.5908243656158447, 0.615619421005249, 0,0.5434513688087463, 0.5669872164726257, 0,0.49582046270370483, 0.5259396433830261, 0,0.6345871090888977, 0.49712643027305603, 0,0.596261739730835, 0.4111422896385193, 0,0.575373113155365, 0.35950997471809387, 0,0.5539393424987793, 0.3147096335887909, 0,0.6768119931221008, 0.4883866608142853, 0,0.6616779565811157, 0.3793964982032776, 0,0.649285078048706, 0.3021594285964966, 0,0.6385858058929443, 0.2243918478488922, 0,0.717101514339447, 0.5105958580970764, 0,0.6851356625556946, 0.4435071647167206, 0,0.6566376686096191, 0.5007754564285278, 0,0.6440304517745972, 0.5517441034317017, 0,0.7572431564331055, 0.5454477667808533, 0,0.7179179191589355, 0.5102217793464661, 0,0.6801190972328186, 0.5397253036499023, 0,0.6528037786483765, 0.5754278302192688, 0
1632,0.730048418045044, 0.6930268406867981, 0,0.6599108576774597, 0.6637616157531738, 0,0.6042865514755249, 0.5904102325439453, 0,0.5582655072212219, 0.5371013283729553, 0,0.5146703720092773, 0.49108824133872986, 0,0.6567318439483643, 0.47044840455055237, 0,0.6440935134887695, 0.372840940952301, 0,0.6418092846870422, 0.30593132972717285, 0,0.6387844085693359, 0.24447330832481384, 0,0.6959177851676941, 0.4696783721446991, 0,0.6756922006607056, 0.36221128702163696, 0,0.6524937152862549, 0.2925674319267273, 0,0.6323660016059875, 0.22702494263648987, 0,0.7387204170227051, 0.4954828917980194, 0,0.6961736083030701, 0.4453679323196411, 0,0.6757631897926331, 0.5164572596549988, 0,0.6723461151123047, 0.5677255392074585, 0,0.7791280746459961, 0.5348750948905945, 0,0.7316615581512451, 0.5006577968597412, 0,0.6931462287902832, 0.5351563692092896, 0,0.6698154211044312, 0.5686706304550171, 0
1661,0.7367621660232544, 0.6880340576171875, 0,0.6701253652572632, 0.6540259122848511, 0,0.6170048117637634, 0.5720258951187134, 0,0.5741661190986633, 0.5130090117454529, 0,0.5368907451629639, 0.46432045102119446, 0,0.6766860485076904, 0.45880550146102905, 0,0.6700547337532043, 0.3607056736946106, 0,0.6724957227706909, 0.29435089230537415, 0,0.6726192235946655, 0.23247089982032776, 0,0.7154597043991089, 0.46290552616119385, 0,0.6991180777549744, 0.3543657958507538, 0,0.6827108263969421, 0.28457626700401306, 0,0.6669066548347473, 0.21872004866600037, 0,0.7553536295890808, 0.48998355865478516, 0,0.7186830639839172, 0.4369140863418579, 0,0.6967822313308716, 0.5066195130348206, 0,0.688466489315033, 0.5552273392677307, 0,0.794256865978241, 0.5301896929740906, 0,0.7562658786773682, 0.484179824590683, 0,0.7190219759941101, 0.5116051435470581, 0,0.6935967206954956, 0.5397138595581055, 0
